sequence,label,species
KILILIKRK,1.2041199826559248,Staphylococcus xylosus
AAKHAAHRA,2.7295348007886617,Streptococcus sanguinis
GIINTLQKYYCRVRGGRCAVLSCLPKEEQIGKCSTRGRKCCRRKK,0.9319661147281726,Mycobacterium tuberculosis
GIINTLQKYYCRVRGGRCAVLSCLPKEEQIGKCSTRGRKCCRRKK,0.18487965073756776,Streptococcus sanguinis
AANFGPSVFTPEVHETWQKFLNVVVAALGKQYH,1.1323988265885794,Vibrio alginolyticus
AANFGPSVFTPEVHETWQKFLNVVVAALGKQYH,1.7344588179165419,Shigella flexneri
KIWWWWRKR,1.7152750232405354,Mycobacterium tuberculosis
GIKEMLCNMACAQTVCKKSGGPLCDTCQAACKALG,0.20411998265592482,Corynebacterium glutamicum
GIKIAKKAITIAKKIAKIYW,1.4658498879816926,Vibrio alginolyticus
GIKIAKKAITIAKKIAKIYW,0.24836594376778637,Staphylococcus xylosus
GIKIAKKAITIAKKIAKIYW,1.15145593075973,Vibrio anguillarum
RWRRLLKKLHHLLH,0.9239212623311474,Streptococcus sanguinis
RWRRLLKKLHHLLHSATFIKHFIHRF,0.6736558040773014,Streptococcus sanguinis
RWRRLLKKLHHLLHSGGFIKHFIHRF,0.982186219530122,Streptococcus sanguinis
RWRWRWF,1.4287367887207907,Streptococcus sanguinis
RWRWRWFGGGFIKHFIHRF,1.091849711195144,Streptococcus sanguinis
RWRWRWFSATFIKHFIHRF,1.0773218590742075,Streptococcus sanguinis
RWRWRWFSGGFIKHFIHRF,1.0868438799504379,Streptococcus sanguinis
RWWRWWRRWWW,1.669847809834077,Vibrio cholerae
ACQCPDAISGWTHTDYQCHGLENKMYRHVYAICMNGTQVYCRTEWGSSC,0.4264112895094213,Vibrio cholerae
ACYCRIPACIAGERRYGTCIYQGRLWAFCC,-0.13963694694401263,Mycobacterium tuberculosis
KKCNFFCKLKKKVKSVGSRNLIGSATHHHRIYRV,1.3995991495758204,Vibrio alginolyticus
KKCNFFCKLKKKVKSVGSRNLIGSATHHHRIYRV,0.672600421639558,Shigella flexneri
KKCWNGGRCRKKCKENEKPIGYCRNGKKCCVN,1.2348653457327001,Mycobacterium tuberculosis
GIKSALLGIAKNVGMSLLQKAQCKLSGSC,1.0969100130080565,Vibrio cholerae
SYERKINRHFKTLKKNLKKK ,1.3979311362621192,Streptococcus sanguinis
RRRFFFFFRRR,-0.3010299956639812,Staphylococcus xylosus
RRRIIIIIRRR,0.3010299956639812,Staphylococcus xylosus
VQRWLIVWRIRK,1.2485872790113166,Mycobacterium tuberculosis
RRRLLLLLRRR,0.0,Staphylococcus xylosus
GILDTLKQFAKGVGKDLVKGAAQGVLSTVSCKLAKTC,1.4260329083663739,Pseudomonas putida
GILDTLKQFAKGVGKDLVKGAAQGVLSTVSCKLALTC,1.4277755372255465,Pseudomonas putida
VTCDLLSFKGQVNDSACAANCLSLGKAGGHCEKGVCICRK,0.6424072205060611,Staphylococcus xylosus
RRRPRPPYLPRPRPPPFFPPRLPPRI,-0.3979400086720376,Corynebacterium glutamicum
AGLQFPVGRVHRLLRK,0.33554195702005923,Pseudomonas putida
AGLAANFLPQILCKIARKC,1.0903363518014775,Vibrio cholerae
AGRGKQGGKVRAKAKTRSS,0.31353819845798875,Pseudomonas putida
AGRGKQGGKVRAKAKTRSSRAGLQFPVGRVHRLLRKGNY,-0.02764863787149132,Pseudomonas putida
AGRGKQGGKVRAKAKTRSSRAGLQFPVGRVHRLLRKGNY,1.4775013404484147,Mycobacterium tuberculosis
GILGKLWEGFKSIV,1.9395192526186185,Pseudomonas putida
KKKFFFFFKKK,0.6020599913279624,Staphylococcus xylosus
RRRRRFRRVIRRIRLPKYLTINTE,1.505149978319906,Vibrio anguillarum
KKKIIIIIIKKK,-0.3010299956639812,Staphylococcus xylosus
KKKIIIIIKKK,-0.3010299956639812,Staphylococcus xylosus
RRRRRYRYWRRGLTIQGRPKSLPLNTGD,1.505149978319906,Vibrio anguillarum
RRRVVVVVRRR,0.3010299956639812,Staphylococcus xylosus
RRSIFRKLRRKIKKGLKKGIQHLLAGGRQGLPQGGRPGMI,0.9200993766874717,Vibrio cholerae
RRSQARKCSRGNGGKIGSIRCRGGGTRLGGGSLIGR,0.8750612633917001,Vibrio anguillarum
RRSRFGRFFKKVRKQLGRVLRHSRITVGGRMRF,0.661290876279884,Vibrio cholerae
KKKLLLLLKKK,0.9030899869919435,Staphylococcus xylosus
YIRKIRRFFKKLKKILKK,1.4246881324746514,Streptococcus sanguinis
KKKVVVVVKKK,0.9030899869919435,Staphylococcus xylosus
YIRKIRRFFKKRFKFRKK,1.4002940781798838,Streptococcus sanguinis
RRWGRWHRMRRRGR,1.5003218077967382,Shigella flexneri
RRWGRWHRMRRRGR,0.29620182514081334,Corynebacterium glutamicum
RRWGRWHRMRRRGR,1.8013518034607192,Vibrio cholerae
ALWKTMLKKAAHVGKHVGKAALGAAARRRK,1.2975281983836797,Vibrio anguillarum
ALWKTMLKKAAHVGKHVGKAALTHYLN,0.12674209053064356,Vibrio anguillarum
GIMSIVKDVAKNAAKEAAKGALSTLSCKLAKTC,1.1775739713885196,Pseudomonas putida
GIMSIVKDVAKTAAKEAAKGALSTLSCKLAKTC,1.1792766758466016,Pseudomonas putida
RRWRIVVIRVRR,0.2837233247887705,Mycobacterium tuberculosis
FEVLPNFKHIQVKVFNHGEHIHHH,1.290034611362518,Vibrio anguillarum
AIVEQLRKRC,2.0224660113549953,Shigella flexneri
AIVEQLRKRC,2.0224660113549953,Corynebacterium glutamicum
AIVEQLRKRC,2.0224660113549953,Vibrio cholerae
RRWWRWVVW,1.3010299956639813,Mycobacterium tuberculosis
RSARAGLQFPVGRIHRHLK,1.6812412373755872,Vibrio alginolyticus
RSARAGLQFPVGRIHRHLK,0.6532125137753437,Shigella flexneri
RSARAGLQFPVGRIHRHLK,0.3521825181113625,Corynebacterium glutamicum
RSGGYCNGKRVCVCR,0.8773405747290808,Shigella flexneri
AKKKLSRWWLRWWVK,1.2577427869860902,Mycobacterium tuberculosis
KKSAGWVIPIGTLVK,2.0969100130080562,Vibrio cholerae
KKSCHTGLDRSAGWVIPIGTLVKKAILPWDRK,0.8450980400142568,Vibrio cholerae
RSKKWRKIEKRVKKIFEKTKEALPVIQGVATIVGAVGR,1.361588393853177,Mycobacterium tuberculosis
KKSCHTGLKKSAGWVIPIGTLVKNGIIVR,0.9084850188786497,Vibrio cholerae
RSPPQCQYTNCAAVLCPAVYCANAYTPPCGCCDICPPQKYGGGYRPR,2.0,Vibrio anguillarum
RSPPQCQYTNCAAVLCPAVYCANAYTPPCGCCDICPPQKYGGGYRPR,1.0969100130080565,Corynebacterium glutamicum
KKVVFKFKFK,0.3806590630915698,Shigella flexneri
KKVVFKVKFK,0.3970301272370299,Shigella flexneri
AKRHHGYKRKFH,1.875234946450165,Streptococcus sanguinis
RTKRRIKLIKNGVKKVKDILKNNNIIILPGSNEK,-0.6020599913279624,Streptococcus uberis
RVCFAIPLPICH,1.5626579294445389,Pseudomonas putida
KKVVVKVKFK,0.4140425672981985,Shigella flexneri
RVCYAIPLPIC,1.6820855965072028,Pseudomonas putida
RVCYAIPLPICY,1.4526113792669504,Pseudomonas putida
RVHRLLRRVHRLLRRVHRLLR,1.3572506756124407,Pseudomonas putida
GKKPGGWKAK,2.374168599442927,Corynebacterium glutamicum
GKKPGWWKAK,0.5171923567940204,Corynebacterium glutamicum
GKKPWGWKAK,1.1192523481219827,Corynebacterium glutamicum
GKKPWWWKAK,0.1822434375336897,Corynebacterium glutamicum
GKKWGGWKAK,1.4366038043891218,Corynebacterium glutamicum
GKKWGWWKAK,0.4857197581258287,Corynebacterium glutamicum
GKKWWGWKAK,0.19568514676331067,Corynebacterium glutamicum
RVRRPVYIPQPRPPHPRL,0.49554433754644844,Pseudomonas putida
GKKWWWWKAK,0.7448285636413219,Corynebacterium glutamicum
RVVRQWPIGRVVRRVVRRVVR,-0.4219676770795511,Pseudomonas putida
RVVRQWPIGRVVRRVVRRVVRF,0.1565513900604616,Pseudomonas putida
RVVRQWPIGRVVRRVVRRVVRL,0.16188011304104852,Pseudomonas putida
RVVRQWPIGRVVRRVVRRVVRY,-0.14696252132652282,Pseudomonas putida
ALKKMLRLAKRLS,1.3210371120775428,Shigella flexneri
ALKKMLRLAKRLS,1.0200071164135616,Corynebacterium glutamicum
ALKKMLRLAKRLS,1.9230971034055053,Vibrio cholerae
GWGSFFKKAAHVGKHVGKAALGAAARRRK,1.018922354563841,Vibrio anguillarum
KLFAVIKKVAAVIGGL,1.788594910141582,Streptococcus uberis
KLFAVIKKVAAVIRRL,1.7386575376773228,Streptococcus uberis
KLGKKLRKKLKKIGKGLKAI,0.8521442186227514,Shigella flexneri
KLGKKLRKKLKKIGKGLKAI,0.25008422729478896,Corynebacterium glutamicum
KLILKRKRKRILIK,1.2041199826559248,Staphylococcus xylosus
KLKLKL,2.5378331335300013,Staphylococcus xylosus
KLKLKLKL,0.9103885338071925,Staphylococcus xylosus
KLKLKLKLK,0.255117715394476,Staphylococcus xylosus
KLKLKLKLKL,0.21301276037655198,Staphylococcus xylosus
KLKLKLKLKLK,-0.13124550477917793,Staphylococcus xylosus
KLKLKLKLKLKL,0.13489759545772256,Staphylococcus xylosus
KLKLKLKLKLKLK,-0.20253381478875337,Staphylococcus xylosus
KLKLKLKLKLKLKL,0.3697438934194169,Staphylococcus xylosus
KLKLKLKLKLKLKLK,0.03727634031023588,Staphylococcus xylosus
KLKLKLKLKLKLKLKL,0.6133551422533213,Staphylococcus xylosus
KLKLKLKLKLKLKLKLKL,0.5626489657673722,Staphylococcus xylosus
KLKLKLKLKLKLKLKLKLKL,0.8182788782212387,Staphylococcus xylosus
KLKLKLKLKLKLKLKLKLKLKL,0.7771788361933255,Staphylococcus xylosus
KLKLKLKLKLKLKLKLKLKLKLKL,0.43860429963932746,Staphylococcus xylosus
KLKLKLKLKLKLKLKLKLKLKLKLKL,0.7050787746503363,Staphylococcus xylosus
ALWKTIIKGAGKMIGSLAKNLLGSQAQPES,0.4941545940184428,Corynebacterium glutamicum
RWGKWFKKNSHLS,1.9030899869919435,Mycobacterium tuberculosis
GLAANFLPQILCKIARKC,1.406841315163026,Vibrio cholerae
GLADFLNKAVGKVVDFVKS,1.6989700043360187,Streptococcus uberis
GLADVIKKVASVIGGL,1.8125194109558718,Streptococcus uberis
RWKIFKKIEKMGRNIRDGIVKAGPAIEVLGSAKAI,0.5065050324048721,Shigella flexneri
GLFAVIKKVAAVIKKL,0.8491958108331802,Streptococcus uberis
GLFAVIKKVAAVIRRL,1.4548875554261747,Streptococcus uberis
GLFAVIKKVAKVIKKL,1.4546233277489575,Streptococcus uberis
GLFAVIKKVASVIGGL,1.201502910666608,Streptococcus uberis
GLFAVIKKVASVIKGL,1.1822852376833122,Streptococcus uberis
AMWKDVLKKIGTVALHAGKAALGAVADTISQ,0.17609125905568124,Corynebacterium glutamicum
KLLKQWPIGKLLKKLLKKLLK,-0.40317505346618465,Pseudomonas putida
GLFAVIKKVASVIKKL,1.163882039500432,Streptococcus uberis
GLFDIAKKVIGVIGSL,1.7878176711070664,Streptococcus uberis
RWKVFKKIEKMGRNIRDGIVKAGPAIEVLGSAKALGK,-0.2676062401770315,Pseudomonas putida
APKAMHSAKKFGKAFVGEIMLQKKGI,1.3564805497018437,Pseudomonas putida
APKAMRLLRRLLRLQKKGI,-0.35446727560607594,Pseudomonas putida
APKAMRLLRRLLRRLLR,0.27312729003166536,Pseudomonas putida
RWKVFKKIEKVGRNVRDGIIKAGPAIGVLGQAKALG,-0.27572413039921095,Pseudomonas putida
LVVAVTDGEADAAVEGLHDNTDFIHYGSHGKYPDNRPHGYPLD,1.3263358609287514,Vibrio anguillarum
GLFDIIKKIAESF,1.5284894948578585,Streptococcus uberis
GLFDIIKKIAESI,1.839612632807439,Streptococcus uberis
GLFDIIKKVASVIGGL,0.866998917154691,Streptococcus uberis
GLFDIIKKVASVVGGL,0.8707523596296429,Streptococcus uberis
GLFDIVKKVAG,2.338611862622726,Vibrio cholerae
GLFDIIKNIFSGL,1.8426359940170303,Streptococcus uberis
GLFDIVKKIAGHIAGSI,1.7596838357068505,Streptococcus uberis
GLFDIVKKIAGHIASSI,1.4512194875584934,Streptococcus uberis
GLFDIVKKIAGHIVSSI,1.1433567689091582,Streptococcus uberis
GLFDIVKKVVGAFGSL,1.782524004763902,Streptococcus uberis
GLFDIVKKVVGAIGSL,1.7915711135820183,Streptococcus uberis
GLFDIVKKVVGALGSL,1.7915711135820183,Streptococcus uberis
GLFDIVKKVVGTIAGL,1.185757679779104,Streptococcus uberis
KLSASLKHVAHRARHLS,1.8258996063269048,Shigella flexneri
KLSASLKHVAHRARHLS,1.8258996063269048,Corynebacterium glutamicum
KLSASLKHVAHRARHLS,1.8258996063269048,Vibrio cholerae
GLFDVIAKVASVIGGL,1.807193109586346,Streptococcus uberis
GLFDVIAKVASVIKKL,0.8484510951074762,Streptococcus uberis
SIGSAFKKAAHVGKHVGKAALGAAARRRK,1.3371763062997963,Vibrio anguillarum
SIGSAFKKAAHVGKHVGKAALTHYLN,1.3738347364665402,Vibrio anguillarum
GLFDVIKKVAAVIGGL,1.193832457873589,Streptococcus uberis
GLFDVIKKVASKIGGL,1.7838354441609923,Streptococcus uberis
GLFDVIKKVASKIKGL,1.7654533848843383,Streptococcus uberis
GLFDVIKKVASVIGGA,1.8030300665944878,Streptococcus uberis
GLFDVIKKVASVIGGL,1.1895111222540558,Streptococcus uberis
GLFDVIKKVASVIGLASP,1.7413213726855288,Streptococcus uberis
GLFDVIKKVASVIKKL,1.453902815466733,Streptococcus uberis
GLFEVIKKVASVIGGL,1.486787675443085,Streptococcus uberis
KPYLKRFQVYYKGRMWC,1.3979400086720377,Vibrio alginolyticus
KPYLKRFQVYYKGRMWC,2.0,Vibrio anguillarum
GLFGKLIKKFGRKAISYAVKKARGKH,-0.1617467963683712,Staphylococcus xylosus
GLFGVLAKVAAHVVAAIAEHF,1.3725328335026523,Streptococcus uberis
RWWRWWRRWW,1.1162108499559154,Vibrio cholerae
GLFGVLAKVAAHVVPAIAEHF,1.3800698820486876,Streptococcus uberis
GLFGVLAKVASHVVPAIAEHFQA,0.40491945944669316,Streptococcus uberis
GLFGVLGSIAKHVLPHVVPVIAEKL,1.2849758741643937,Streptococcus uberis
GLFKVIKKVAKVIKKL,1.4407218216557987,Streptococcus uberis
GLFKVIKKVASVIGGL,1.4870386559759616,Streptococcus uberis
GLFKVLGSVAKHLLPHVAPIIAEKL,0.9744911617946503,Streptococcus uberis
GLFKVLGSVAKHLLPHVAPVIAEKL,1.2778249281712157,Streptococcus uberis
GLFKVLGSVAKHLLPHVVPVIAEKL,0.9721995635678129,Streptococcus uberis
AVKKLLRWWSRWWKK,0.9567127913221091,Mycobacterium tuberculosis
AVVKVPLKKFKSIRE,1.7589128094551696,Pseudomonas putida
AVVKVPLKKFKSIRETMKEKGLLEDF,1.5178904177004724,Pseudomonas putida
SDEKASPDKHHRFSLSRYAKLANRLANPKLLETFLSKWIGDRGNRSVK,0.5575804875954721,Pseudomonas putida
SFGLCRLRRGFCARGRCRFPSIPIGRCSRFVQCCRRVW,1.5740312677277188,Vibrio anguillarum
KRGFGKKLRKRLKKFRNSIKKRLKNFNVVIPIPLPG,0.08635983067474821,Streptococcus uberis
KRGKQGGKVRAKAKTRSS,0.9155885573756742,Pseudomonas putida
KRGLWESLKRKATKLGDDIRNTLRNFKIKFPVPRQG,-0.2006594505464183,Streptococcus uberis
GLFSVLGSVAKHLLPHVAPIIAEKL,0.9812755741972997,Streptococcus uberis
GLFSVLGSVAKHLLPHVVPVIAEKL,0.9789479927739313,Streptococcus uberis
AWWRRTVAKVRK,-0.09691001300805639,Corynebacterium glutamicum
SGRGKQGGKVRAKAKTRSS,0.9120370875099597,Pseudomonas putida
SGRGKQGGKVRAKAKTRSSRAGLQFPVGRVHRLLRKGNY,-0.029275555876385608,Pseudomonas putida
SGTSEKERESGRLLGVVKRLIVCFRSPFP,1.380211241711606,Pseudomonas putida
CCDQCYGFCRLVDNCCNS,1.3879939510957073,Corynebacterium glutamicum
SIFSLFKMGAKALGKTLLKQAGKAGAEYAACKATNQC,0.8750612633917001,Vibrio cholerae
GLIGSIGKALGGLLVDVLKPKL,1.665210745244156,Streptococcus uberis
GLIGSIGKALGGLLVDVLKPKLQAAS,1.5987663844591917,Streptococcus uberis
CGKKPGGWKCKL,1.088633653693186,Corynebacterium glutamicum
CGKKPWWWKCKL,0.40811654593556873,Corynebacterium glutamicum
CGKKWGWWKCKL,0.41939425117336004,Corynebacterium glutamicum
CGKKWWGWKCKL,0.41939425117336004,Corynebacterium glutamicum
CGRRPWWWRCRL,0.3780457763001695,Corynebacterium glutamicum
CGRRWGWWRCRL,0.38855981896575975,Corynebacterium glutamicum
CGRRWWGWRCRL,0.38855981896575986,Corynebacterium glutamicum
GLKDKFKSMGEKLKQYIQTWKAKF,0.13914677663290556,Staphylococcus xylosus
KRKGKRK,1.806179973983887,Staphylococcus xylosus
KRKGSGKRK,1.806179973983887,Staphylococcus xylosus
SILSLFKMGAKALGKTLIKQAGKAGAEYVACKATNQC,0.9294189257142927,Vibrio cholerae
KRKIKRK,1.806179973983887,Staphylococcus xylosus
KRKILI,1.806179973983887,Staphylococcus xylosus
KRKILIKRK,1.806179973983887,Staphylococcus xylosus
KRKILIL,1.806179973983887,Staphylococcus xylosus
KRKILILI,1.806179973983887,Staphylococcus xylosus
KRKILILIGSG,1.806179973983887,Staphylococcus xylosus
KRKILILIK,0.9030899869919435,Staphylococcus xylosus
KRKILILIKR,0.9030899869919435,Staphylococcus xylosus
KRKILILIKRK,0.3010299956639812,Staphylococcus xylosus
GLKKLISWIKRAAQQG,1.4857778064604719,Pseudomonas putida
KRKILILIKRKR,0.3010299956639812,Staphylococcus xylosus
KRKILILIKRKRK,0.0,Staphylococcus xylosus
KRKILILILIKRK,0.0,Staphylococcus xylosus
KRKILILILIL,1.806179973983887,Staphylococcus xylosus
KRKKRK,1.2041199826559248,Staphylococcus xylosus
KRKLIKRK,1.806179973983887,Staphylococcus xylosus
KRKLILIKRK,1.2041199826559248,Staphylococcus xylosus
CNGKRVCVC,2.008234537717672,Shigella flexneri
CNGKRVCVCR,1.4212066562143977,Shigella flexneri
KRKLILKRILIKRK,0.9030899869919435,Staphylococcus xylosus
KRKRKILILIKRK,-0.3010299956639812,Staphylococcus xylosus
CRFCCRCCPRMRGCGLCCRF,1.7781512503836436,Vibrio alginolyticus
CRFCCRCCPRMRGCGLCCRF,0.5740312677277188,Corynebacterium glutamicum
KRKSGSGSKRK,1.806179973983887,Staphylococcus xylosus
CLRIGMRGRELMGGIGKTM,2.1591455391548693,Mycobacterium tuberculosis
CRWRWKCCKK,1.3010299956639813,Vibrio cholerae
GLLDIVKKVVGAFGSL,1.7915711135820183,Streptococcus uberis
SLFSLIKAGAKFLGKNLLKQGACYAACKASKQC,1.1596230705851405,Pseudomonas putida
SLGSSPYNDILGYPALIVIYP,1.7545336982185704,Pseudomonas putida
SLLWRWNSMKPVGASCRDHLECGTKYCRRSICTF,1.6989700043360187,Vibrio alginolyticus
SLLWRWNSMKPVGASCRDHLECGTKYCRRSICTF,1.2730012720637376,Shigella flexneri
SLLWRWNSMKPVGASCRDHLECGTKYCRRSICTF,0.3696795995598159,Corynebacterium glutamicum
DAACAAHCLFR,1.9290920141828936,Shigella flexneri
SLSRYAKLANRLANPKLLETFLSKWIG,1.2503172333895338,Pseudomonas putida
KRWHWWRRHWVVW,0.3979400086720376,Mycobacterium tuberculosis
GLLGLLGSVVSHVLPAITQHL,1.3717081992751419,Streptococcus uberis
KRWWKWWRR,1.0,Mycobacterium tuberculosis
LLKKLLKK,2.706268551151268,Mycobacterium tuberculosis
GLLGVLGSVAKHVLPHVVPVIAEHL,1.592597452173798,Streptococcus uberis
SMATPHVAGAAALILSKHPTWTNAQVRDRLESTATYLGNSFYYGK,1.1162983572124512,Streptococcus sanguinis
DGRGKQGGKVRAKAKTRSS,1.8089621189283425,Pseudomonas putida
KTKQQFLIKAQTQLFKVFGYTL,-1.1249387366083,Pseudomonas putida
KTKQQFLIKAQTQLFKVFGYTL,-0.8696662315049939,Shigella flexneri
DIGKYCGYAHALN,2.0,Corynebacterium glutamicum
SMWSGMWRRKLKKLRNALKKKLKGE,0.114388284665061,Staphylococcus xylosus
SNCWARCPGYPNGDSLCCRQYGACCSTSYPVPYKG,1.568201724066995,Vibrio alginolyticus
SNCWARCPGYPNGDSLCCRQYGACCSTSYPVPYKG,1.568201724066995,Shigella flexneri
SNCWARCPGYPNGDSLCCRQYGACCSTSYPVPYKG,1.4913616938342726,Corynebacterium glutamicum
SNVMEERKIKVYLPRMKMEE,2.503244467682463,Pseudomonas putida
SPAGCRFCCGCCPNMRGCGVCCRF,1.7781512503836436,Vibrio alginolyticus
SPAGCRFCCGCCPNMRGCGVCCRF,0.8750612633917001,Corynebacterium glutamicum
DLRGACAAAHAL,2.0,Vibrio anguillarum
DLRGACAAAHAL,2.0,Corynebacterium glutamicum
KVKARLIKICNKIGFLKSRCHKFVITH,0.3010299956639812,Vibrio anguillarum
SPEEARVKILTAIPEMREEDLSEE,2.0,Corynebacterium glutamicum
SPGRPRPFPGRPKPIFRPR,0.7993405494535817,Corynebacterium glutamicum
SPRVSRRYGRPFGGRPFVGGQFGGRPGCVCIRSPCPCANYG,0.7958800173440752,Vibrio anguillarum
DSHAKRHHGYKRKFHEKHHSHRGY,1.6248662340962519,Mycobacterium tuberculosis
RKSYKCLHKRCR,1.8713393810998609,Streptococcus sanguinis
SRDSRPVQPRVQPPPPPPKQKPSIYDTPIRRPGGRKTMYA,2.1072099696478683,Shigella flexneri
KVQNQHGQVVKIFHH,2.9030899869919438,Shigella flexneri
SRRYKKFRWKFKGRWFWFG,1.0791065592478324,Vibrio cholerae
GLLKSLCRKFVKVHLPELIEELTTTD,1.6989700043360187,Vibrio alginolyticus
GLLKSLCRKFVKVHLPELIEELTTTD,1.6989700043360187,Shigella flexneri
GLLKSLCRKFVKVHLPELIEELTTTD,0.9719712763997564,Corynebacterium glutamicum
KVVKQWPIGKVVKKVVKKVVK,-0.3834751370967012,Pseudomonas putida
KVYARLHAVIKRLHRRLH,0.24665789967640095,Shigella flexneri
KVYARLHAVIKRLHRRLH,-0.05437209598758024,Corynebacterium glutamicum
KVYARLHAVIKRLHRRLH,1.7518078779963069,Vibrio cholerae
ECRRLCYKQRCVTYCRGR,-0.7099653886374819,Corynebacterium glutamicum
SRSSRAGLQFPVGRIHRLLRK,1.6989700043360187,Vibrio alginolyticus
SRSSRAGLQFPVGRIHRLLRK,1.6989700043360187,Vibrio cholerae
EDWNHLGAAVHTLKHVYK,1.7812116169924335,Shigella flexneri
EDWNHLGAAVHTLKHVYK,1.7812116169924335,Corynebacterium glutamicum
EDWNHLGAAVHTLKHVYK,1.7812116169924335,Vibrio cholerae
EGCNILCLLKRKVKAVKNVVKNVVKSVVG,1.5032254808497059,Vibrio alginolyticus
EGCNILCLLKRKVKAVKNVVKNVVKSVVG,0.7762267529134437,Shigella flexneri
GLLQTIKEKLESLESLAKGIVSGIQA,0.9623870902866745,Streptococcus uberis
EILSKALSALSPLAN,1.9234354985219033,Shigella flexneri
EILSKALSALSPLAN,1.9234354985219033,Corynebacterium glutamicum
EILSKALSALSPLAN,1.9234354985219033,Vibrio cholerae
EKAILSALKLLRLAL,1.8891805258058305,Shigella flexneri
EKAILSALKLLRLAL,1.2871205344778682,Corynebacterium glutamicum
EKAILSALKLLRLAL,1.8891805258058305,Vibrio cholerae
GLLRKGGEKIGEKLKKIGQKIKNFFQKLVPQPEQ,-0.014644789126219417,Mycobacterium tuberculosis
SRWRWKSSKK,1.4771212547196624,Vibrio cholerae
SRWPSPGRPRPFPG,2.0,Corynebacterium glutamicum
SRWPSPGRPRPFPGRPKPIF,1.2730012720637376,Corynebacterium glutamicum
SRWPSPGRPRPFPGRPKPIFRPR,-0.09691001300805639,Corynebacterium glutamicum
SRWPSPGRPRPFPGRPKPIFRPRPCNCYAPPCPCDRW,0.7993405494535817,Vibrio anguillarum
SRWPSPGRPRPFPGRPKPIFRPRPCNCYAPPCPCDRW,-0.09691001300805639,Corynebacterium glutamicum
KWCFRVCYRGICYRRCR,-0.7099653886374819,Corynebacterium glutamicum
ESRAGKLAAKAAFKAAKR,1.8343951483746386,Shigella flexneri
ESRAGKLAAKAAFKAAKR,1.8343951483746386,Corynebacterium glutamicum
ESRAGKLAAKAAFKAAKR,1.8343951483746386,Vibrio cholerae
ETAKGVAKHLPPAIA,1.93032132561258,Shigella flexneri
ETAKGVAKHLPPAIA,1.93032132561258,Corynebacterium glutamicum
ETAKGVAKHLPPAIA,1.93032132561258,Vibrio cholerae
EVAKKLLASALKLALAI,1.8636288713668419,Shigella flexneri
EVAKKLLASALKLALAI,1.2615688800388796,Corynebacterium glutamicum
EVAKKLLASALKLALAI,1.8636288713668419,Vibrio cholerae
EWAAARQVIIHATRKY,1.8254527073453415,Shigella flexneri
EWAAARQVIIHATRKY,1.5244227116813602,Corynebacterium glutamicum
EWAAARQVIIHATRKY,1.8254527073453415,Vibrio cholerae
GLLSRLRDFLSDIGRRLGEKIERIGQKIKDLSEFFQS,1.239383022344593,Shigella flexneri
GLLSRLRDFLSDRGRRLGEIIERIGQIIKDLSEFFQS,1.0619875347070027,Shigella flexneri
GLLSRLRDFLSDRGRRLGEKIERIGQKIKDLSEFFQS,1.5361106724354683,Shigella flexneri
EWRVARRAVQRLRHLARRYH,-0.4199608675200218,Shigella flexneri
EWRVARRAVQRLRHLARRYH,-0.4199608675200218,Corynebacterium glutamicum
EWRVARRAVQRLRHLARRYH,1.6872491021278466,Vibrio cholerae
GLLSRLRDRLSDRGRRLGEKIERIGQKIKDLSEFFQS,1.2341849570182437,Shigella flexneri
GLLSRLRDRLSDRGRRLGEKIERIGQKIKDLSERFQS,1.2332910808592643,Shigella flexneri
SWKKFFKKARSLPKLF,0.29854930324169593,Shigella flexneri
SWKKFFKKARSLPKLF,-0.0024806924222852936,Corynebacterium glutamicum
SWKKFFKKARSLPKLF,1.5026692858976207,Vibrio cholerae
SWKSMAKKLKEYMEKLKQRA,0.5079396717975365,Staphylococcus xylosus
SWLSKTAKKLENSAKKRISEGIAIAIQGGPR,1.583612111583885,Mycobacterium tuberculosis
GLLSSLSSVAKHVLPHVVPVIAEHL,1.5845146868661202,Streptococcus uberis
GLLSVLGSVAKHVLAHVVAVIAEHL,1.596361398276471,Streptococcus uberis
GLLSVLGSVAKHVLGHVVGVIAEHL,0.6981080560991524,Streptococcus uberis
KWICRRLWYRGRWITYCRWR,-0.10790539730951959,Corynebacterium glutamicum
GLLSVLGSVAKHVLGHVVPVIAEHL,1.2932769959220807,Streptococcus uberis
GLLSVLGSVAKHVLPHVVGVIAEHL,0.9922470002580995,Streptococcus uberis
GLLSVLGSVAKHVLPHVVPVIAEHL,0.6667048223784403,Streptococcus uberis
GLLSVLGSVAKHVLPHVVPVIAEKL,1.2880026506264484,Streptococcus uberis
GLLSVLGSVAQHVLPHVVPVIAEHL,1.587530817167934,Streptococcus uberis
GLLSVLGSVVKHVIPHVVPVIAEHL,1.2818060633973871,Streptococcus uberis
KWKIFKKIEKVGRNIRNGIIKAGPAVAVLGEAKAL,1.525417750235519,Mycobacterium tuberculosis
GLLWHLLHHLLH,0.9063509243170911,Streptococcus sanguinis
GLLSFLPKVIGVIGHLIHPPS,1.6989700043360187,Streptococcus uberis
NAGSLLSGWG,0.4766558138654394,Vibrio cholerae
FCTMIPIPRCY,1.473764364619087,Pseudomonas putida
GLMSSIGKALGGLIVDVLKPKTPAS,1.3092812377130356,Streptococcus uberis
GLMSVLGHAVGNVLGGLFKPKS,1.3601950386597101,Streptococcus uberis
TRGRWGRFKRRAGRFIRRNRWQIISTGLKLIG,0.6804253360754664,Vibrio cholerae
TRGRWKRFWRGAGRFFRRHKEKIIRAAVDIVLS,1.265385668961239,Vibrio cholerae
DHYNCVSSGGQCLYSACPIFTKIQGTCYRGKAKCCK,-0.29386489639497476,Mycobacterium tuberculosis
TRRKFWKKVLNGALKIAPFLLG,0.2634196107669722,Vibrio anguillarum
TRRKFWKKVLNGALKIAPFLLG,0.8652480401156266,Vibrio cholerae
KFHEKHHSHRGY,1.9133364696386512,Mycobacterium tuberculosis
TRSSRAGLQFPVGRVHR,2.1239955781328868,Pseudomonas putida
TRSSRAGLQFPVGRVHRLLRK,-0.0854417520572344,Pseudomonas putida
TRWLWLLRGGLKAAGWGIRAHLNRNQ,0.7894821268798486,Vibrio anguillarum
TRWLWLLRGGLKAAGWGIRAHLNRNQ,1.09051212254383,Vibrio cholerae
KWKLFKKIEKVGQGIGAVLKVLTTGL,0.19267700998308276,Shigella flexneri
KWKLFKKIEKVGQNIRDGIIKAGPAVAVVGQATQIAK,1.504632846166856,Mycobacterium tuberculosis
KWKLFKKIGAVLKVL,2.4771212547196626,Mycobacterium tuberculosis
FFGPLIKIATGVLPNLICKALGKC,1.775182783728553,Vibrio cholerae
GLPALISWIKRKRQQG,2.033575950252077,Pseudomonas putida
FFGWLIKGAIHAGKAIHGLIHRRRH,0.3168904650951325,Streptococcus sanguinis
APVPFSCTRGCLTHLV,1.404833716619938,Vibrio cholerae
FFHHIFRGIVHVGKTIHKLVTG,0.49206160451259895,Shigella flexneri
FFHHIFRGIVHVGKTIHKLVTG,1.3010299956639813,Staphylococcus xylosus
FFHHIFRGIVHVGKTIHKLVTG,0.6910814921229684,Vibrio anguillarum
FFHHIFRGIVHVGKTIHKLVTG,0.5740312677277188,Vibrio cholerae
FFHHIFRGIVHVGKTIHRLVTG,0.081086896595605,Vibrio alginolyticus
FFHHIFRGIVHVGKTIHRLVTG,0.081086896595605,Shigella flexneri
GLQFPVGRVHRLLRK,0.352582894115657,Pseudomonas putida
KWKLWKKIEKWGQGIGAVLKWLTTWL,-0.5506166656726967,Shigella flexneri
KWKSFIKKLTSAAKKVVTTAKPLISS,-0.13436949255025699,Mycobacterium tuberculosis
FFLLSLIPSAISAIKKI,0.8450980400142568,Mycobacterium tuberculosis
FFPGIIKVAGAILPTAICAITKRC,1.0791812460476249,Vibrio cholerae
FFPGIIKVASAILPTAICAITKRC,1.0128372247051722,Vibrio cholerae
IKALGKKLRKGKKKIGKKVK,0.851953446875573,Corynebacterium glutamicum
KWKVFKKIEKMGRNIRNGIVKAGPAIAVLGEAKAL,2.370403062609434,Mycobacterium tuberculosis
FFRHIVGAISRIFGQKQRDMAD,1.6989700043360187,Vibrio alginolyticus
FFRHIVGAISRIFGQKQRDMAD,0.9719712763997564,Shigella flexneri
FFRHIVGAISRIFGQKQRDMAD,0.3696795995598159,Corynebacterium glutamicum
FFRHLFRGAKAIFRGARQGWRAHKVVSRYRNRDVPETDNNQEEP,0.3135861283511272,Shigella flexneri
FFRHLFRGAKAIFRGARQGWRAHKVVSRYRNRDVPETDNNQEEP,0.07290699372081712,Vibrio anguillarum
VDKPPYLPRPRPIRRPGGR,0.17609125905568124,Shigella flexneri
GLTFLKKILNFAKKIYTAIW,0.9264835793890365,Vibrio alginolyticus
GLTFLKKILNFAKKIYTAIW,0.8295735663809801,Staphylococcus xylosus
GLTFLKKILNFAKKIYTAIW,0.5285435707169989,Vibrio anguillarum
VDKPPYLPRPRPPRRIYNR,1.0791812460476249,Shigella flexneri
GLVSSIGRALGGLLADVVKSKGQPA,1.620915675153177,Streptococcus uberis
GLVTGLLKTAGKLLGDLFGSLSG,1.0969100130080565,Vibrio cholerae
GLVTSLIKGAGKLLGGLFGSVTG,0.7958800173440752,Vibrio cholerae
GLVTSLIKGAGKLLGGLFGSVTGGQS,1.3979400086720377,Vibrio cholerae
FGVLAKVAAHVVPAIAEHF,1.7041420751057048,Streptococcus uberis
FHEAIAPVVHAAVKALVGFLG,1.6682626530074964,Streptococcus uberis
FHFHLHF,1.2110753668841365,Streptococcus sanguinis
FHFHLHFASASAFIKHFIHRF,1.090515228042746,Streptococcus sanguinis
FHFHLHFGGGFIKHFIHRF,1.4189857945246234,Streptococcus sanguinis
FHFHLHFPSGSPFIKHFIHRF,1.3749310362508333,Streptococcus sanguinis
FHFHLHFPSPSPFIKHFIHRF,1.6694100119043949,Streptococcus sanguinis
FHFHLHFPYPFIKHFIHRF,1.3862868582469217,Streptococcus sanguinis
LAANFLPQILCKIARKC,0.8176141340827536,Vibrio cholerae
FHFHLHFSATFIKHFIHRF,1.403210406156395,Streptococcus sanguinis
GLWEKIKEKASELVSGIVEGVK,1.61982853424613,Streptococcus uberis
GLWEKVKEKANELVSGIVEGVK,1.6174824737436904,Streptococcus uberis
GLWQKIKQAAGDLASGIVEGIKS,1.6253039923772816,Streptococcus uberis
GLWQKIKSAAGDLASGIVEGIKS,1.6328934504987502,Streptococcus uberis
FIGGIISFFKRLF,0.908015599509916,Vibrio anguillarum
FIGGIISFIKKLF,0.9258130257948322,Vibrio anguillarum
GLWSKIKEVGKEAAKAAAKAAGKAALGAVSEAV,0.17609125905568124,Corynebacterium glutamicum
FIHHIFRGIVHAGRSIGRFLTG,0.40281081077677083,Vibrio alginolyticus
FIHHIFRGIVHAGRSIGRFLTG,1.0530437833401345,Shigella flexneri
FIHHIFRGIVHAGRSIGRFLTG,0.5757649805367193,Vibrio anguillarum
GLWSTIKQKGKEAAIAAAKAAGQAALGAL,0.7558748556724915,Streptococcus uberis
LFGFLIKLIPSLFGALSNIGRNRNQ,1.2534779226619166,Vibrio anguillarum
LFGFLIPLLPHIIGAIPQVIGAIR,0.9881455775431903,Vibrio anguillarum
FIHHIIGWISHGVRAIHRAIHG,-0.30934344462160784,Vibrio alginolyticus
FIHHIIGWISHGVRAIHRAIHG,0.8750612633917001,Vibrio anguillarum
FIHHIIGWISHGVRAIHRAIHG,-0.3279021420642826,Corynebacterium glutamicum
FIHHIIKGIFHIGKMIHSAINRRRH,-0.2776981123899544,Vibrio anguillarum
FIHHIVHAIGRLF,1.5058851902918753,Vibrio anguillarum
FIKHFIHRF,2.0019191252491555,Streptococcus sanguinis
LGGIVSAVKKIVDFLG,1.490541117918037,Streptococcus uberis
VGRIHRHLK,1.6812412373755872,Vibrio alginolyticus
VGRIHRHLK,1.6812412373755872,Shigella flexneri
VGRIHRHLK,1.255272505103306,Corynebacterium glutamicum
VGVGGGFGR,2.49220169636944,Vibrio cholerae
LIAGLAANFLPKLFCKITK,0.7827108739707761,Vibrio cholerae
LIAGLAANFLPQILCKIARKC,0.7434134182563527,Mycobacterium tuberculosis
LIAGLAANFLPQILCKIARKC,0.9986859233596587,Vibrio cholerae
LIGSLFRGAKAIFRGARQGWRSHKAVSRYRARYVRRPVIYYHRVYP,0.22916970253910093,Shigella flexneri
LIGSLFRGAKAIFRGARQGWRSHKAVSRYRARYVRRPVIYYHRVYP,0.6551384348113821,Vibrio anguillarum
LIKHILHRL,2.6411366417953532,Streptococcus sanguinis
LIKHILHRLGGGFHFHLHF,1.4380040898152682,Streptococcus sanguinis
LILIKRK,1.806179973983887,Staphylococcus xylosus
LILKRKRKRKRILI,1.806179973983887,Staphylococcus xylosus
GNNRPIYIPQPRPPHPRL,-1.3268343169151846,Shigella flexneri
GNNRPVYIPQPRPPHPR,-1.299997406546173,Shigella flexneri
GNNRPVYIPQPRPPHPRI,-1.3239546554035078,Shigella flexneri
GNNRPVYIPQPRPPHPRL,-1.3239546554035078,Shigella flexneri
VLNENLLR,3.013172751224549,Pseudomonas putida
GRFKRFRKKLKKLFKKLSPVIPLLHLG,0.47712125471966244,Vibrio cholerae
VLSAFHKVIKIIHHISHF,0.5754149604064895,Shigella flexneri
VLSAFHKVIKIIHHISHF,0.2743849647425083,Corynebacterium glutamicum
VLSAFHKVIKIIHHISHF,1.7795349430624143,Vibrio cholerae
GRGKQGGKVRAKAKTRSS,1.834871345601316,Pseudomonas putida
LKLKLKLKL,0.26102433021109056,Staphylococcus xylosus
LKLKLKLKLK,-0.08801723528742919,Staphylococcus xylosus
FKVQNQHGQVVKIFHH,2.311753861055754,Shigella flexneri
LKLKLKLKLKL,-0.12639846334254629,Staphylococcus xylosus
LKLKLKLKLKLKL,0.40363597413794794,Staphylococcus xylosus
LKLKLKLKLKLKLKL,0.9439335457356302,Staphylococcus xylosus
LKLKNIVSWAKKVL,-0.21486095467635058,Staphylococcus xylosus
GRPRPFPGRPKPIFRPR,0.4913616938342727,Corynebacterium glutamicum
LKLKSIVSWAKKVL,0.5882350686995539,Shigella flexneri
LKLKSIVSWAKKVL,-0.5086749443085026,Staphylococcus xylosus
LKLKSIVSYAKKVL,-0.20139783448694815,Staphylococcus xylosus
GRRPLLLRAR,1.4136660819186901,Corynebacterium glutamicum
VQLRIRVAVIRA,1.4298547383338822,Mycobacterium tuberculosis
VQNQHGQVVKIFHH,3.681241237375587,Shigella flexneri
GRRPWWWRAR,0.14671797356483546,Corynebacterium glutamicum
GRRRRSVQWCA,2.003805073565025,Streptococcus sanguinis
GRRWWWWRAR,0.7114736444732194,Corynebacterium glutamicum
GRRYKKFRWKFKGRWFWFG,0.7829934991916151,Vibrio cholerae
LKWKSIVSWAKKVL,-0.5279111604330872,Staphylococcus xylosus
VRLIVAVRIWRR,1.017471065907213,Mycobacterium tuberculosis
GSGILILIKRK,1.806179973983887,Staphylococcus xylosus
FLGALFKVASKVLPSVFCAITKKC,1.2888351921433496,Pseudomonas putida
LLGDFFRKSKEKIGKEFKRIVQRIKDFLRNLVPRTES,0.024131779796804916,Mycobacterium tuberculosis
GSKKPVPIIYCNRRTGKCQRM,-0.988725954246499,Shigella flexneri
GSKKPVPIIYTNRRTGKCQRM,0.6020599913279624,Shigella flexneri
GSKKPVPIIYTNRRTGKCQRM ,0.9030899869919435,Shigella flexneri
GSKRWRKFEKRVKKIFEETKEALPVIQGVATIVGAVGR,1.3652145807928655,Mycobacterium tuberculosis
FLGALLKIGAKVLPSVLCGIFKKC,0.9164539485499251,Vibrio cholerae
GSKRWRKFEKRVKKIFEETKEALPVVQGVVGVATAVGRK,1.3552485259537015,Mycobacterium tuberculosis
FKFFKKFFKKW,1.3062302775939572,Streptococcus sanguinis
FKFFKKFFKKWK,1.272375389202434,Streptococcus sanguinis
FKKFWKWFRRFGGGRWRWRWF,0.7238926264779982,Streptococcus sanguinis
GLLWHLLH,2.714431483934261,Streptococcus sanguinis
GLLWHLLHHLLHLLHH,1.808493728466282,Streptococcus sanguinis
GWGKFFKKAAKVGKKVG,2.4453429770415855,Streptococcus sanguinis
GWGKFFKKFFKFGK,0.9605587134799921,Streptococcus sanguinis
GWGKFFKKFFKVGK,1.2736633630636578,Streptococcus sanguinis
GWGRFFKKAARVGKRVGK,2.3978462680129446,Streptococcus sanguinis
GWGRFFKKWWRVGKRVGK,0.8464316677340467,Streptococcus sanguinis
VTCDILSVEAKGVKL,1.8027524219329636,Shigella flexneri
VTCDILSVEAKGVKLNDAACAAHCLFRGRSGGYCNGKRVCVCR,0.8195584533804623,Shigella flexneri
GWKKFFKKAAKVGK,2.4989525115008426,Streptococcus sanguinis
GWKKFFKKAKKVGK,2.483937310699423,Streptococcus sanguinis
GWKKFFKKAKKVWK,2.150741624054992,Streptococcus sanguinis
GWKKFFKKWKKVWK,1.2208589179899674,Streptococcus sanguinis
IKQLLHFFQRFGGGRWRWRWF,0.7535199306624067,Streptococcus sanguinis
KFFKKFFKKW,2.552786867405754,Streptococcus sanguinis
KNLRIIRKGIHIIKKY,1.6211762817750353,Streptococcus sanguinis
LKRFLKWFKRF,1.0085108514585788,Streptococcus sanguinis
VVRRPVYIPQPRPPHPRL,1.3979400086720377,Pseudomonas putida
LKRFLKWFKRFGGGRWRWRWF,0.7395611980452467,Streptococcus sanguinis
LSTFFRLFN,2.3496919455377516,Streptococcus sanguinis
LSTFFRLFNGRRRRSVQWCA,1.5999913919768003,Streptococcus sanguinis
LSTFFRLFNRSFTQ,2.161743526449898,Streptococcus sanguinis
LSTFFRLFNRSFTQGRRRRSVQWCA,1.503853241322711,Streptococcus sanguinis
GVGDLIRKAVSVIKNIV,0.8462100542067135,Streptococcus uberis
RRRWWWF,1.1277067930568094,Streptococcus sanguinis
GVIAAAKKVVNVLKNLF,1.1464981775212764,Streptococcus uberis
GVIDAAAKVVNVLKNLF,1.450724935070988,Streptococcus uberis
GVIDAAKKVVNVLANLF,1.450724935070988,Streptococcus uberis
GVIDAAKKVVNVLKNLF,0.8171569475590942,Streptococcus uberis
GVIDAAKKVVNVLKNLP,0.8469431087658132,Streptococcus uberis
RWRRLLKKLHHLLHGGGFKKFWKWFRRF,0.6317724045263804,Streptococcus sanguinis
RWRWRWFGGGFKKFWKWFRRF,0.42286263081401704,Streptococcus sanguinis
RWRWRWFGGGLKRFLKWFKRF,0.7395611980452466,Streptococcus sanguinis
SGSLSTFFRLFNRSFTQALGK,1.7781512503836436,Streptococcus sanguinis
STFFRLFNRSFTQ,2.1905366393597707,Streptococcus sanguinis
STFFRLFNRSFTQGRRRRSVQWCA,1.519894270181389,Streptococcus sanguinis
TFFRLFNR,2.165347763097872,Streptococcus sanguinis
TFFRLFNRGGGKNLRIIRKGIHIIKKY,1.1760912590556813,Streptococcus sanguinis
TFFRLFNRGRRRRSVQWCA,1.607708985895867,Streptococcus sanguinis
TFFRLFNRSFT,2.251198287245798,Streptococcus sanguinis
TFFRLFNRSFTGRRRRSVQWCA,1.5521399983366018,Streptococcus sanguinis
TFFRLFNRSFTQALGK,1.792391689498254,Streptococcus sanguinis
WGEAFSAGVHRLANGGNG,1.852174904420303,Shigella flexneri
TFFRLFNRSFTQALGKGGGKNLRIIRKGIHIIKKY,1.3434085938038574,Streptococcus sanguinis
WGHKLRSSWNKVKHAVKKGAGYASGACRVLGH,-0.10790539730951959,Corynebacterium glutamicum
TFFRLFNRSGGGFKKFWKWFRRF,1.3010299956639813,Streptococcus sanguinis
TRRRLFNRSFTQALGKSGGGFKKFWKWFRRF,1.1238516409670858,Streptococcus sanguinis
WFKFFKKFFKKWK,0.6254033399577394,Streptococcus sanguinis
WGRAFRRGVRRLARGGRR,0.865103974641128,Shigella flexneri
WGRAFRRLVRRLARGLRR,0.5428254269591799,Shigella flexneri
WGRAFSAGVHRLANGGNG,1.8456560599835443,Shigella flexneri
WGRAFSAGVHRLARGGRG,1.8261396179359148,Shigella flexneri
WGRAFSRGVRRLARGGRG,1.2011238972073794,Shigella flexneri
WGKFFKKFFKFGK,1.275965338357282,Streptococcus sanguinis
WGKFFKKFFKKGK,2.183951232933713,Streptococcus sanguinis
WGRRWRIRIPRLPRPWPPRPKWPRSATINTDQ,1.505149978319906,Vibrio anguillarum
SLGSFLKGVGTTLASVGKVVSDQFGKLLQAGQ,1.3979400086720377,Corynebacterium glutamicum
FLHHIVGLIHHGKLDMYRSNN,1.0,Vibrio anguillarum
FLHHIVGLIHHGKLDMYRSNN,1.0,Corynebacterium glutamicum
FLHHIVGLIHHGLSLFGDRAD,1.0,Vibrio anguillarum
FLHHIVGLIHHGLSLFGDRAD,1.0,Corynebacterium glutamicum
WIAGLAANFLPQILCKIARKC,1.0306082075028973,Vibrio cholerae
TKPKGTKPKGTKPKGTKPKG,2.4771212547196626,Mycobacterium tuberculosis
VCRTGRSRWRDVCRNFMRRYQSR,2.4771212547196626,Mycobacterium tuberculosis
YKQCHKKGGKKGSG,2.4771212547196626,Mycobacterium tuberculosis
LPFFLLSLIPSAISAIKKI,1.0453229787866574,Mycobacterium tuberculosis
AAAALSRAALRAAVA,2.160329893640067,Mycobacterium tuberculosis
FLKAIKKFGKEFKKIGAKLK,0.5370561263983602,Shigella flexneri
FLKAIKKFGKEFKKIGAKLK,0.23602613073437906,Corynebacterium glutamicum
AAAALSRWWLRWWVA,1.9105330996721175,Mycobacterium tuberculosis
AAHRAGRPIHDAGVVKQ,2.0498778730488647,Mycobacterium tuberculosis
ACPIFTKIQGTCYRG,1.081457518800332,Mycobacterium tuberculosis
GVVKVSRLKGESLRARL,0.7285692166287056,Pseudomonas putida
AKKKLSAAALAAAVK,2.1424343439994433,Mycobacterium tuberculosis
AKKKLSAWWLAWWVK,1.5960103182470926,Mycobacterium tuberculosis
AKKKLSRAALRAAVK,1.9689987109923643,Mycobacterium tuberculosis
AKKKLVRWWLRWWSK,1.2577427869860902,Mycobacterium tuberculosis
ALKKLSRWWKRWWVK,1.2577427869860902,Mycobacterium tuberculosis
ALKKLVRWWKRWWSK,1.2577427869860902,Mycobacterium tuberculosis
ARNVSEENVDRLAKRWIK,1.836747599757936,Mycobacterium tuberculosis
ARRLGMNPWKTPPAKPKGSK,1.9545513678722308,Mycobacterium tuberculosis
ARRRELRARRKRPPERHPGRR,1.8685221353172434,Mycobacterium tuberculosis
LQFPVGRVHRLLRK,0.9688217981050746,Pseudomonas putida
ASKKLVRWWLRWWKK,1.2577427869860902,Mycobacterium tuberculosis
AVAALLRAASRAAAA,2.160329893640067,Mycobacterium tuberculosis
AVAALLRWWSRWWAA,1.6095031040081362,Mycobacterium tuberculosis
AVKKLLAAASAAAKK,2.1424343439994433,Mycobacterium tuberculosis
WKLFKKILKVL,0.4510428688775905,Shigella flexneri
WKLFKKILKVL,0.7520728645415716,Vibrio cholerae
GVWDWLKKTAKNVWNSDIVKQLKGKAINAAKNYVAEKIGATPS,1.4313637641589874,Pseudomonas putida
AVKKLLAWWSAWWKK,1.2949803225831114,Mycobacterium tuberculosis
AVKKLLRAASRAAKK,1.9689987109923643,Mycobacterium tuberculosis
AVKKLSRWWLRWWKK,1.2577427869860902,Mycobacterium tuberculosis
CLLKKLLKK,2.66294914752761,Mycobacterium tuberculosis
GIGKFLKSKGKFGKA,2.282357230608776,Mycobacterium tuberculosis
GSQLVYREWVGHSNVIKP,-0.7247634889389309,Mycobacterium tuberculosis
GWARRTVAKVRK,-0.09691001300805639,Corynebacterium glutamicum
IEWGNVSRQPKPKATYI,2.002774976800472,Mycobacterium tuberculosis
ILLKKLLKKI,2.616310238659907,Mycobacterium tuberculosis
KREMKRPGKGNRNNWKKEY,1.9172565177911933,Mycobacterium tuberculosis
LLKKLLKKM,2.4477579080262775,Mycobacterium tuberculosis
RKPRTTKPKPAPKQEPATEE,1.9412721622568885,Mycobacterium tuberculosis
RLFGLSIRQHEVMTGHTVKVKSQ,1.8774429003468396,Mycobacterium tuberculosis
RLIRVERDSVEALMRPIGK,1.951042651623037,Mycobacterium tuberculosis
RNRIREMKRPGKGNRNNWKKEH,1.8530674039802313,Mycobacterium tuberculosis
RPPGFYFEFRANIIPYLGRR,1.783422192968609,Mycobacterium tuberculosis
RRERIEGDRRKEVA,2.0530657342585177,Mycobacterium tuberculosis
RRLDRKDYLRRVMP,1.9032703435054337,Mycobacterium tuberculosis
RRMTFDADFELKVAQLNALIAIAELLKEKN,1.7616996705376249,Mycobacterium tuberculosis
VCIIIIC,0.7558748556724915,Mycobacterium tuberculosis
VMWCYVFGYGFNCAVW,0.5860775789015826,Mycobacterium tuberculosis
WSKWKRKAWVRLWLK,1.9847415149223526,Mycobacterium tuberculosis
GWGSFFKKAAHVGKHVGKAALTHYL,1.3993588423173495,Vibrio alginolyticus
GWGSFFKKAAHVGKHVGKAALTHYL,0.7709699122670379,Staphylococcus xylosus
GWGSFFKKAAHVGKHVGKAALTHYL,0.7709699122670379,Vibrio anguillarum
GWGSFFKKAAHVGKHVGKAALTHYL,1.0719999079310192,Streptococcus sanguinis
WKWLKKWIK,1.3010299956639813,Mycobacterium tuberculosis
AEVAPAPAAAAPAKAPKKKAAAKPKK,2.615502168985428,Vibrio anguillarum
GWKAIHKAAKGIHTYVN,1.8297880580082453,Shigella flexneri
GWKAIHKAAKGIHTYVN,1.528758062344264,Corynebacterium glutamicum
GWKAIHKAAKGIHTYVN,1.8297880580082453,Vibrio cholerae
AFKCKFCCGCCRAGVCGLCCRF,1.0215466254456438,Vibrio alginolyticus
AFKCKFCCGCCRAGVCGLCCRF,1.322576621109625,Vibrio anguillarum
GWKDWAKKAGGWLKKKGPGMAKAALKAAMQ,1.2041199826559248,Pseudomonas putida
GLPVCGECFGGTCNTPGCSCDPWPMCSRN,1.4771212547196624,Vibrio anguillarum
RKLPDAPGMHTWGGGGINTLQKYYCRVRG,2.2685860621116176,Streptococcus sanguinis
RKLPDAPGMHTWGGGGKCSTRGRKCCRRKK,2.1766659414507137,Streptococcus sanguinis
RKLPDAPGMHTWGGGGRCAVLSCLPKEQI,2.3567457060304653,Streptococcus sanguinis
LRWTPTPSYPRYPTRSRGSRWSR,1.505149978319906,Vibrio anguillarum
WLRAFRRLVRRLARGLRR,-0.36653154442041347,Shigella flexneri
WLRAFRRLVRRLARLLRR,0.22010808804005508,Shigella flexneri
FLPFIAGMAAKFLPKIFCAISKK,0.992730772623184,Vibrio cholerae
GWMSKIASGIGTFLSGMQQ,0.1931245983544616,Corynebacterium glutamicum
FTKIYGSRLQKVLGN,2.337490983318117,Vibrio alginolyticus
FTKIYGSRLQKVLGN,2.462429719926417,Vibrio anguillarum
YLPKVLHQTPGHLKP,2.4614148309276493,Vibrio alginolyticus
YLPKVLHQTPGHLKP,2.4614148309276493,Vibrio anguillarum
WNSNVHSYRF,0.7860216305172103,Shigella flexneri
WNWSKSF,2.1276441142598337,Mycobacterium tuberculosis
RGSALTHLP,1.7867514221455612,Vibrio cholerae
GWWARTVAKVRK,0.20411998265592482,Corynebacterium glutamicum
WPRFPKPRKPTYPGPTYPGPTWPRPTWRRSATIDTEH,1.505149978319906,Vibrio anguillarum
WPSPGRPRPFPGRPKPIFRPR,0.4913616938342727,Corynebacterium glutamicum
GWWRATVAKVRK,-0.09691001300805639,Corynebacterium glutamicum
GWWRRAVAKVRK,0.20411998265592482,Corynebacterium glutamicum
WQQPSCSSICDYSCGKSACISYSGRCGCCASCRRGPIY,2.0,Vibrio anguillarum
WQQPSCSSICDYSCGKSACISYSGRCGCCASCRRGPIY,1.6989700043360187,Corynebacterium glutamicum
GWWRRTAAKVRK,0.20411998265592482,Corynebacterium glutamicum
GWWRRTVAAVRK,0.20411998265592482,Corynebacterium glutamicum
GWWRRTVAKARK,0.20411998265592482,Corynebacterium glutamicum
GWWRRTVAKVAK,0.20411998265592482,Corynebacterium glutamicum
GWWRRTVAKVRA,-0.09691001300805639,Corynebacterium glutamicum
GWWRRTVAKVRK,-0.3979400086720376,Corynebacterium glutamicum
GWWRRTVAKVRN,0.20411998265592482,Corynebacterium glutamicum
GWWRRTVAKVRNAGRK,-0.09691001300805639,Corynebacterium glutamicum
GWWRRTVDKVRNAGRK,-0.09691001300805639,Corynebacterium glutamicum
GWWRRTVDKVRNAGRKVAGFASKACGALGH,-0.4089353929735008,Corynebacterium glutamicum
LWKRWVGVWRKWL,1.3010299956639813,Mycobacterium tuberculosis
GWWRRTVRK,0.4913616938342727,Corynebacterium glutamicum
GYKYINNIIKYINKFFKYIW,0.8812225766363273,Vibrio alginolyticus
GYKYINNIIKYINKFFKYIW,0.48328256796428976,Staphylococcus xylosus
GYKYINNIIKYINKFFKYIW,0.48328256796428976,Vibrio anguillarum
GYNYAKKLANLAKKFANALW,1.4607231178093323,Vibrio alginolyticus
GYNYAKKLANLAKKFANALW,0.5442691692594072,Staphylococcus xylosus
GYNYAKKLANLAKKFANALW,0.24323917359542593,Vibrio anguillarum
MAGGKAGKDSGKAKAKAVSRSARAGLQFPVGRIHRHLK,1.6812412373755872,Vibrio alginolyticus
MAGGKAGKDSGKAKAKAVSRSARAGLQFPVGRIHRHLK,0.3521825181113625,Shigella flexneri
MAGGKAGKDSGKAKAKAVSRSARAGLQFPVGRIHRHLK,0.05115252244738129,Corynebacterium glutamicum
MGIINTLQKYYCRVRGGRCAVLSCLPKEEQIGKCSTRGRKCCRRKK,0.9268567089496923,Mycobacterium tuberculosis
HIAGLAANFLPQILCKIARKC,1.039852804370634,Vibrio cholerae
MLLKKLLKKM,1.779638420765982,Mycobacterium tuberculosis
WRSLGRTLLRLSHALKPLARRSGW,0.20411998265592482,Vibrio alginolyticus
WRSLGRTLLRLSHALKPLARRSGW,0.4913616938342727,Vibrio anguillarum
MPRRRRSSSRPVRRRRRPRVSRRRRRRGGRRR,-0.3010299956639812,Staphylococcus xylosus
MTPLWRVMGNKPFGAYCQDHVECSTGICKGGHCIYSQPIKS,1.3425363792333946,Vibrio alginolyticus
MTPLWRVMGNKPFGAYCQDHVECSTGICKGGHCIYSQPIKS,1.3425363792333946,Pseudomonas putida
MTPLWRVMGNKPFGAYCQDHVECSTGICKGGHCIYSQPIKS,0.13841639657746982,Vibrio anguillarum
HTCHFRRRPKVRKFKLYHEGKFWCPG,1.3979400086720377,Vibrio alginolyticus
HTCHFRRRPKVRKFKLYHEGKFWCPG,0.20411998265592482,Shigella flexneri
HTCHFRRRPKVRKFKLYHEGKFWCPG,0.20411998265592482,Corynebacterium glutamicum
HTCHIRRRPKFRKFKLYHEGKFWCPG,1.0969100130080565,Vibrio alginolyticus
HTCHIRRRPKFRKFKLYHEGKFWCPG,0.20411998265592482,Shigella flexneri
HTCHIRRRPKFRKFKLYHEGKFWCPG,0.20411998265592482,Corynebacterium glutamicum
NDAACAAHCLFRGRSGG,1.7680525408548828,Shigella flexneri
IAGKIAKIAGKIAKIAGKIA,0.3152794486541051,Staphylococcus xylosus
IAGKIAKIAGKIAKIAGKIAK,0.1624923682549819,Staphylococcus xylosus
NGKRVCVCR,1.9853699773921616,Shigella flexneri
IAGKIAKIAGKIAKIAGKIAKIAGKIA,-0.11682526838279969,Staphylococcus xylosus
FLPLLAGLAANFLPKIFCKITRK,0.6860978182240902,Vibrio cholerae
IAGLAANFLPQILCKIARK,1.389229616739564,Vibrio cholerae
FLPLLAGLAANFLPTIICKISYKC,1.7594130645786477,Pseudomonas putida
IAGLAANFLPQILCKIARKC,1.0667839626228095,Vibrio cholerae
NGVQPKY,2.1937937980687705,Vibrio cholerae
IAKIAGKIAKIAGKIA,2.2134524784506575,Staphylococcus xylosus
IAKIAGKIAKIAGKIAK,1.878256340720022,Staphylococcus xylosus
IAKIAGKIAKIAGKIAKIAGKIA,-0.05073762134834024,Staphylococcus xylosus
IAKIAGKIAKIAGKIAKIAGKIAK,-0.07482079087956091,Staphylococcus xylosus
NGVQPKYKWWKWWKKWW,0.6549224892257346,Vibrio cholerae
NGVQPKYRWWRWWRRWW,1.2567472512663056,Vibrio cholerae
NGVQPWYKWWKWWKKWW,1.562340663580768,Vibrio cholerae
WWHSWWSTW,1.962904297436162,Streptococcus sanguinis
WWKDWWERW,2.5294060091260877,Streptococcus sanguinis
NKKAGLFVVQFPKKY,1.7160033436347992,Vibrio cholerae
NLCASLRARHTIPQCKKFGRR,0.7066976185815473,Vibrio anguillarum
WWQDWWNEW,2.5419674125815637,Streptococcus sanguinis
WWRELLKKLAFTAAGHLGSVLAAKQSGW,1.2040331602335657,Vibrio anguillarum
WWRRTVAKVRNAGRK,-0.3979400086720376,Corynebacterium glutamicum
WWSYWWTQW,1.9420150539057888,Streptococcus sanguinis
IFGAIWKGISSLL,1.9395192526186185,Pseudomonas putida
NPAGCRFCCGCCPNMIGCGVCCRF,1.6989700043360187,Vibrio alginolyticus
NPAGCRFCCGCCPNMIGCGVCCRF,1.6989700043360187,Vibrio anguillarum
IFHHIFKGIVHVGKTIHRLVTG,1.6532125137753437,Vibrio anguillarum
IFNSIYHRKCVVKNRCETVSGHKTCKDLTCCRAVIFRHERPEVCRPST,1.1760912590556813,Vibrio anguillarum
IFNSIYHRKCVVKNRCETVSGHKTCKDLTCCRAVIFRHERPEVCRPST,0.8750612633917001,Corynebacterium glutamicum
WWYNWWQDW,2.5317835094286467,Streptococcus sanguinis
IGGIISFFKRLF,0.6504644985749,Vibrio anguillarum
YCNGKRVCVC,1.9414255283885495,Shigella flexneri
YCNGKRVCVCR,1.061955256363538,Shigella flexneri
NQHGQVVKIFHH,3.778151250383644,Shigella flexneri
YGRKKRRQRRR,2.4771212547196626,Mycobacterium tuberculosis
NWRKILGKIAKVAAGLLGSMLAGYQV,0.6385349444228532,Vibrio anguillarum
NWRKILGQIASVGAGLLGSLLAGYE,1.2861767316944375,Vibrio anguillarum
YKRWKKWRSKAKKIL,0.5978495918127652,Shigella flexneri
YKRWKKWRSKAKKIL,-0.004210399515197175,Corynebacterium glutamicum
YKRWKKWRSKAKKIL,1.80196957446869,Vibrio cholerae
YLARAIRRTLARLLL,0.6480070445395719,Shigella flexneri
YLARAIRRTLARLLL,0.3469770488755908,Corynebacterium glutamicum
YLARAIRRTLARLLL,1.5510970315315156,Vibrio cholerae
YSWPRMPRIPRLPRYPRYPRYPRWPRHPTIYA,1.505149978319906,Vibrio anguillarum
YSWPRMPRIPRLPRYPRYPRYPRWPRWPRQPTIYA,1.505149978319906,Vibrio anguillarum
IIKVPLKKFKSMREVMRDHGIKAPVVDPATKY,0.2103633713207237,Pseudomonas putida
FLSTIWNGIKSLL,1.9395192526186185,Pseudomonas putida
PKAMRLLRRLLRLQKKG,-0.016538755497616322,Pseudomonas putida
IKCKFCCGCCTPGVCGVCCRF,0.7781512503836436,Shigella flexneri
IKCKFCCGCCTPGVCGVCCRF,0.7781512503836436,Corynebacterium glutamicum
IKHQGLPQE,2.9791495828070667,Pseudomonas putida
FPVGRVHRLLRK,1.636563870942767,Pseudomonas putida
FPWGCSKYSGVCRPVCLAAELPFGPFGCSKGFVCCVAHVI,1.1791168667365297,Vibrio anguillarum
IKKILSKIKKLLK,0.7958800173440752,Streptococcus sanguinis
PRPFPGRPKPIFRPR,1.0969100130080565,Corynebacterium glutamicum
IKKIVSKIKKLL,0.49554433754644844,Streptococcus sanguinis
IKKIVSKIKKLLK,1.2671717284030137,Streptococcus sanguinis
IKKIVSKIKKVLK,0.7958800173440752,Streptococcus sanguinis
FRKKLKKLFKKLSPVIPLLKLG,0.47712125471966244,Vibrio cholerae
PVGRVHRLLRK,1.6821234139660461,Pseudomonas putida
QAFQTFKPDWNKIRYDAMKMQTSLGQMKKRFNL,1.4995707910058285,Staphylococcus xylosus
FSGGDCRGLRRRCFCTR,2.0990242156108927,Vibrio cholerae
IKWKAILDAVKKVI,0.09016326764753153,Staphylococcus xylosus
QFPVGRVHRLLRK,0.9983931822219545,Pseudomonas putida
QGSPARCRFCCRCCPRMRGCGICCRF,1.380211241711606,Vibrio alginolyticus
QGSPARCRFCCRCCPRMRGCGICCRF,0.47712125471966244,Corynebacterium glutamicum
ILGEIWKGIKDIL,1.9138138523837167,Pseudomonas putida
ILGKIWKGIKNIL,1.2041199826559248,Pseudomonas putida
FFFFFF,0.9203084683106524,Streptococcus sanguinis
FFFFFFF,0.5236106722472319,Streptococcus sanguinis
FFFFFFFF,0.8519036033845695,Streptococcus sanguinis
FWGALAKGALKLIGPGSLFSSFSKKD,1.3713043783277215,Mycobacterium tuberculosis
FWGALAKGALKLIGSLFSSFSKKD,1.2718727612855463,Mycobacterium tuberculosis
FWGALAKGALKLIGVGSLFSSFSKKD,1.5740312677277188,Shigella flexneri
FWGALAKGALKLIGVSLFSSFSKKD,2.4771212547196626,Shigella flexneri
FWGALAKGALKLIPSLFSSFSKKD,1.5740312677277188,Shigella flexneri
FWGALAKGALKLIPSLFSSFSKKD,1.4409501375438492,Mycobacterium tuberculosis
FWGALAKGALKLIPSLVSSFT,1.5440680443502757,Pseudomonas putida
FWGALAKGALKLIPSLVSSFTKKD,1.3010299956639813,Pseudomonas putida
FWGALAKGALKLIVGSLFSSFSKKD,2.4771212547196626,Shigella flexneri
FFIFFF,1.539081169355218,Streptococcus sanguinis
FWGFLGKLAMKAVPSLIGGNKK,1.0433622780211296,Mycobacterium tuberculosis
FIFHVIKGLFHAGKMIHGLVTRRRH,0.8000142399676402,Vibrio alginolyticus
FIFHVIKGLFHAGKMIHGLVTRRRH,0.8000142399676402,Vibrio anguillarum
FIFHVIKGLFHAGKMIHGLVTRRRH,0.4992158062829669,Vibrio cholerae
FWGFLGKLAMKAVPSLIGGNKSSSK,1.4141373621844766,Mycobacterium tuberculosis
QSHLSLCRWCCNCCNRYKGCGFCCKF,1.6989700043360187,Vibrio alginolyticus
QSHLSLCRWCCNCCNRYKGCGFCCKF,1.6989700043360187,Shigella flexneri
QSHLSLCRWCCNCCNRYKGCGFCCKF,0.9719712763997564,Corynebacterium glutamicum
QSHLSMCRYCCNCCRNNKGCGFCCKF,1.6989700043360187,Vibrio alginolyticus
QSHLSMCRYCCNCCRNNKGCGFCCKF,1.6989700043360187,Vibrio anguillarum
QSHLSMCSVCCNCCKNYKGCGFCCRF,1.6812412373755872,Vibrio alginolyticus
QSHLSMCSVCCNCCKNYKGCGFCCRF,1.0791812460476249,Corynebacterium glutamicum
FWKGLVKAAFKIVHAGS,1.8378792338381515,Shigella flexneri
FWKGLVKAAFKIVHAGS,0.031699259854264354,Corynebacterium glutamicum
FWKGLVKAAFKIVHAGS,1.8378792338381515,Vibrio cholerae
FWGLKGLKGPGKFSKKL,1.2972697429593623,Mycobacterium tuberculosis
FWQKMSFA,1.4863556838389387,Shigella flexneri
FWGLKGLKKFSKKL,1.047669500670236,Mycobacterium tuberculosis
RAGLQFLVGRVHRLLRK,0.8988878240546105,Pseudomonas putida
RAGLQFPVGGIGKFLHSAKKFGK,1.117068555013098,Pseudomonas putida
RAGLQFPVGKLLKKLLKRLKR,-0.09045367070461222,Pseudomonas putida
RAGLQFPVGRLLRRLLRRLLR,-0.10723509353551053,Pseudomonas putida
RAGLQFPVGRVHRL,2.2025248206382138,Pseudomonas putida
RAGLQFPVGRVHRLL,1.570892677952736,Pseudomonas putida
RAGLQFPVGRVHRLLR,1.2320952276311599,Pseudomonas putida
RAGLQFPVGRVHRLLRK,-0.30176836312935523,Pseudomonas putida
RAGLQFPVGRVHRLLRK,2.4771212547196626,Mycobacterium tuberculosis
RAGLQWPIGRLLRRLLRRLLR,-0.11614444873008042,Pseudomonas putida
ILIKRK,1.806179973983887,Staphylococcus xylosus
ILILIKRK,1.806179973983887,Staphylococcus xylosus
ILILILILKRK,1.806179973983887,Staphylococcus xylosus
FIKHFIHRFGGGFKKFWKWFRRF,0.7164661778535997,Streptococcus sanguinis
FIKHFIHRFGGGIKQLLHFFQRF,1.0466039375215836,Streptococcus sanguinis
FIKHFIHRFGGGRWRWRWF,1.091849711195144,Streptococcus sanguinis
FIKHFIHRFSATLQLLKQLLKLLKQF,0.6973540325432444,Streptococcus sanguinis
FIKHFIHRFSATRWRRLLKKLHHLLH,0.9746857997412826,Streptococcus sanguinis
FIKHFIHRFSATRWRWRWF,1.0773218590742075,Streptococcus sanguinis
FIKHFIHRFSGGLQLLKQLLKLLKQF,1.0063089580502094,Streptococcus sanguinis
FIKHFIHRFSGGRWRRLLKKLHHLLH,0.6811562238661408,Streptococcus sanguinis
FIKHFIHRFSGGRWRWRWF,1.0868438799504379,Streptococcus sanguinis
FKKFWKWFRRF,1.4705050644670608,Streptococcus sanguinis
FKKFWKWFRRFGGGFIKHFIHRF,1.017496173517581,Streptococcus sanguinis
GAKALTKAATAFTKFYKTIW,1.557205442351199,Vibrio alginolyticus
GAKALTKAATAFTKFYKTIW,1.4602954293431425,Staphylococcus xylosus
GAKALTKAATAFTKFYKTIW,1.4602954293431425,Vibrio anguillarum
GAKYAKIIYNYLKKIANALW,0.8345720169823465,Vibrio alginolyticus
GAKYAKIIYNYLKKIANALW,0.8345720169823465,Staphylococcus xylosus
GAKYAKIIYNYLKKIANALW,1.4366320083103088,Vibrio anguillarum
GAKYAKYIYNFYKYIAKYIW,1.3967561693581274,Vibrio alginolyticus
GAKYAKYIYNFYKYIAKYIW,1.3967561693581274,Staphylococcus xylosus
GAKYAKYIYNFYKYIAKYIW,1.6977861650221087,Vibrio anguillarum
FLGTLLHGAVHVSKILHGIMGGDH,1.9013692166974048,Vibrio alginolyticus
FLGTLLHGAVHVSKILHGIMGGDH,1.9013692166974048,Vibrio anguillarum
FLGTLLHGAVHVSKILHGIMGGDH,1.9013692166974048,Vibrio cholerae
FLKHIKSFWRGAKAIFRGARQGWREHR,1.0503028232108087,Vibrio alginolyticus
FLKHIKSFWRGAKAIFRGARQGWREHR,1.0503028232108087,Vibrio anguillarum
FLKHIKSFWRGAKAIFRGARQGWREHR,0.7492728275468277,Vibrio cholerae
RECRIGNGQCKNQCHENEIRIAYCIRPGTHCCLQQ,0.946708909673504,Mycobacterium tuberculosis
RERSKGSKYLYVG,1.908617976769804,Vibrio cholerae
ILPILSLIGGLL,1.5740312677277188,Streptococcus sanguinis
GANAAKKFANLIKKIFNYIW,1.0164608548604963,Vibrio alginolyticus
GANAAKKFANLIKKIFNYIW,0.8403695958048151,Staphylococcus xylosus
GANAAKKFANLIKKIFNYIW,0.8403695958048151,Vibrio anguillarum
GANAAKKFATIAKKFINYLW,1.2030292668957623,Vibrio alginolyticus
GANAAKKFATIAKKFINYLW,0.5498167531204186,Staphylococcus xylosus
GANAAKKFATIAKKFINYLW,0.5498167531204186,Vibrio anguillarum
GANAAKKLATFAKKIFTAYW,1.514795433558372,Vibrio alginolyticus
GANAAKKLATFAKKIFTAYW,1.4636429111109908,Staphylococcus xylosus
GANAAKKLATFAKKIFTAYW,0.8615829197830284,Vibrio anguillarum
GANALKKYFTILKKFFKLAW,1.178285783233713,Vibrio alginolyticus
GANALKKYFTILKKFFKLAW,0.8261032651223505,Staphylococcus xylosus
GANALKKYFTILKKFFKLAW,0.8261032651223505,Vibrio anguillarum
GANLAKKFYTYINKFINYAW,1.5182387907578676,Vibrio alginolyticus
GANLAKKFYTYINKFINYAW,1.4213287777498114,Staphylococcus xylosus
GANLAKKFYTYINKFINYAW,1.1202987820858301,Vibrio anguillarum
GATYAKKIIKTITKIATTAW,1.6438943541058195,Vibrio alginolyticus
GATYAKKIIKTITKIATTAW,1.4678030950501384,Staphylococcus xylosus
GATYAKKIIKTITKIATTAW,1.4678030950501384,Vibrio anguillarum
GAWRRTVAKVRK,0.4913616938342727,Corynebacterium glutamicum
GCKFTVKPYLKRFQVYYKGRMWCG,1.0,Vibrio alginolyticus
GCKFTVKPYLKRFQVYYKGRMWCG,1.0,Vibrio anguillarum
GCKKYRRFRWKFKGKFWFWG,1.9749136420688422,Vibrio cholerae
GCKKYRRFRWKFKGKLFLFG,0.794842310325003,Vibrio cholerae
GCRFCCNCCPNMSGCGVCCRF,1.3424226808222062,Shigella flexneri
GCRFTVKPYIKRIQLHYKGKMWCG,1.0,Vibrio alginolyticus
GCRFTVKPYIKRIQLHYKGKMWCG,1.0,Vibrio anguillarum
ILPWKWPWWPWRR,1.6640706538567973,Mycobacterium tuberculosis
GCTYNVKPDIQGFELYFIGSVTCG,1.0,Vibrio alginolyticus
GCTYNVKPDIQGFELYFIGSVTCG,1.0,Vibrio anguillarum
ILSLRWRWKWWKK,1.3010299956639813,Mycobacterium tuberculosis
ILSLRWRWWKWKK,1.255272505103306,Mycobacterium tuberculosis
ILSLRWWRKWWKK,1.380211241711606,Mycobacterium tuberculosis
GETFDKLKEKLKTFYQKLVEKAEDLKGDLKAKLS,1.8124622818199845,Staphylococcus xylosus
GCKKYRRFRWKFKGKLWLWG,1.0828562687058225,Vibrio cholerae
INLKAIAAFAKKLL,0.120930454345485,Staphylococcus xylosus
INLKAIAALAKKLF,-0.004008282262814989,Staphylococcus xylosus
INLKAIAALAKKLL,0.13079997318489126,Staphylococcus xylosus
GFGCNGPWSEDDIQCHNHCKSIKGYKGGYCARGGFVCKCY,0.7423322823571483,Mycobacterium tuberculosis
GFGCPEDEYECHNHCKNSVGCRGGYCDAGTLRQRCTCYGCNQKGRSIQE,1.5740312677277188,Pseudomonas putida
GFGCPEDEYECHNHCKNSVGCRGGYCDAGTLRQRCTCYGCNQKGRSIQE,1.5740312677277188,Vibrio anguillarum
INLKALAALAKKIL,1.2277099861929477,Shigella flexneri
INLKALAALAKKIL,2.6079212279045536,Mycobacterium tuberculosis
GFIFHIIKGLFHAGKMIHGLV,0.5117959143757177,Vibrio alginolyticus
GFIFHIIKGLFHAGKMIHGLV,1.3305241428162562,Staphylococcus xylosus
GFIFHIIKGLFHAGKMIHGLVTRRRHGVEE,0.4332636683299902,Vibrio alginolyticus
GFIFHIIKGLFHAGKMIHGLVTRRRHGVEE,1.4612923919302339,Staphylococcus xylosus
INWKGIAAMAKKLL,0.2848448873644768,Staphylococcus xylosus
GFFGKMKEYFKKFGASFKRRFANLKKRL,0.06662543834587889,Staphylococcus xylosus
GIKCKFCCGCCTPGVCGLCCRF,1.0358522539455546,Vibrio alginolyticus
GIKCKFCCGCCTPGVCGLCCRF,0.21194351300123584,Vibrio anguillarum
RGLRRLGRKIAHGVKKYGPTVLRIIRIAG,-0.03555720592117699,Streptococcus sanguinis
RGRGKQGGKVRAKAKTRSS,-0.30713797178922525,Pseudomonas putida
GFGCPGDQYECNRHCRSIGCRAGYCDAVTLWLRCTCTGCSGKK,1.6020599913279625,Vibrio anguillarum
KGWGSFFKKAAHVGKHVGKAALTHYL,0.501031135226136,Vibrio anguillarum
GFGCPGNQLKCNNHCKSISCRAGYCDAATLWLRCTCTDCNGKK,1.3010299956639813,Vibrio alginolyticus
GFGCPGNQLKCNNHCKSISCRAGYCDAATLWLRCTCTDCNGKK,1.6020599913279625,Vibrio anguillarum
RGVRPVYIPQPRPPHPRL,0.7958800173440752,Pseudomonas putida
GLFGILGSVAKHVLPHVIPVVAEHL,1.2834772669058225,Streptococcus uberis
GFGCPRDQYKCNSHCQSIGCRAGYCDAVTLWLRCTCTDCNGKK,1.6020599913279625,Vibrio anguillarum
GLFSVLGAVAKHVLPHVVPVIAEKL,0.9839458785004125,Streptococcus uberis
GMKCKFCCNCCNLNGCGVCCRF,0.47712125471966244,Vibrio anguillarum
RIAGLAANFLPQILCKIARKC,0.7352111812774089,Vibrio cholerae
RICSRGKNCVSRPGVGSIIGRPGGGSLIGRPGGGSV,0.3010299956639812,Vibrio anguillarum
IPAMEPAARVKRSPGYGGCSPRWACGGYG,1.6989700043360187,Vibrio anguillarum
RIIDLLWRVRRPQKPKFVIVWVR,1.4016267037899452,Shigella flexneri
RIIDRLWRVRRPQKPKFVIVWVR,1.3953896475422107,Shigella flexneri
IIGHLIKTALGMLGL,1.3979400086720377,Streptococcus uberis
IKQLLHFFQRF,1.6317490802031551,Streptococcus sanguinis
IKQLLHFFQRFGGGFIKHFIHRF,1.0466039375215836,Streptococcus sanguinis
IRKLKSWKWLRWL,1.6232492903979006,Mycobacterium tuberculosis
RIKTVTSFDLPALRFLKL,2.0969100130080562,Pseudomonas putida
RIKTVTSFDLPALRWLKL,2.0969100130080562,Pseudomonas putida
RIWVIWRR,0.34146086901228156,Mycobacterium tuberculosis
RKEKIKKRIGKIDRL,2.123478028777496,Vibrio cholerae
RKFRKILHRARKWI,0.3214022579361346,Shigella flexneri
RKFRKILHRARKWI,0.020372262272153392,Corynebacterium glutamicum
RKFRKILHRARKWI,1.8265522362560405,Vibrio cholerae
RKGLQKLVGRVHRLLRK,0.8907720123166383,Pseudomonas putida
RKGWFKAMKSIAKFIAKEKLKEHL,0.4913616938342727,Corynebacterium glutamicum
GFMGDTLKGIARNAALALMNAAQCKLSGKC,1.2931921969227658,Vibrio cholerae
RKIKRYLRRMI,0.91138352476688,Pseudomonas putida
RKIKRYLRRMK,2.412300425541292,Pseudomonas putida
RKIKVYLPRMK,1.2420472771484736,Pseudomonas putida
RKIKVYLRRMK,1.5255201204986415,Pseudomonas putida
RKILILIKRK,0.6020599913279624,Staphylococcus xylosus
IWLTALKFLGKNLGKHLAKQQLAKL,1.0374264979406236,Streptococcus sanguinis
RKKAIKLVKKLVKKLKKALK,-0.6743337542568483,Shigella flexneri
RKKAIKLVKKLVKKLKKALK,-0.373303758592867,Corynebacterium glutamicum
RKKAIKLVKKLVKKLKKALK,1.7339062110550014,Vibrio cholerae
GFVDFLKKVAGTIANVVT,1.1239663346954716,Streptococcus uberis
RKLILKRKRILIKR,0.9030899869919435,Staphylococcus xylosus
RKRKILILIKRK,0.3010299956639812,Staphylococcus xylosus
RKRKLILILIKRKR,-0.3010299956639812,Staphylococcus xylosus
GGAGHVPEYFVGIGTPISFYG,-1.2305178103471779,Shigella flexneri
KAIKRIGKRIKKLLLKLKKK,-0.07993514179268786,Shigella flexneri
KAIKRIGKRIKKLLLKLKKK,-0.07993514179268786,Corynebacterium glutamicum
KAIKRIGKRIKKLLLKLKKK,1.7262448321911994,Vibrio cholerae
GVVTDLLKTAGKLLGNLFGSLSG,1.3979400086720377,Vibrio cholerae
KAKAKAVSRSARAGLQFPVGRIHRHLK,1.6812412373755872,Vibrio alginolyticus
KAKAKAVSRSARAGLQFPVGRIHRHLK,0.05115252244738129,Shigella flexneri
KAKAKAVSRSARAGLQFPVGRIHRHLK,0.05115252244738129,Corynebacterium glutamicum
GVVTDLLKTAGKLLGNLVGSLSG,1.3979400086720377,Vibrio cholerae
RLCRIVVIRVCR,1.9352175518675316,Mycobacterium tuberculosis
RLFRRVKKVAG,2.2742060676611686,Vibrio cholerae
LFFFFF,1.539081169355218,Streptococcus sanguinis
LFIFFF,0.6814015911264433,Streptococcus sanguinis
LGGDNYGTFSGSNGNNFQHGSN,1.6489372421538446,Vibrio alginolyticus
LGGDNYGTFSGSNGNNFQHGSN,1.6489372421538446,Vibrio anguillarum
GGLRSLGRKILRAWKKYGPIIVPIIRIG,1.2031691064604657,Streptococcus uberis
RLLRRLLRRLLRLQKKGI,0.23997063293267715,Pseudomonas putida
RLLRRLLRRLLRRLLRRLLR,-0.13217133236297032,Pseudomonas putida
LPLLAGLAANFLPKIFCKITRK,0.7116553385270864,Vibrio cholerae
RLNRPVYIPQPRPPHPRL,1.0969100130080565,Pseudomonas putida
RLPRPVYIPQPRPPHPRL,1.0969100130080565,Pseudomonas putida
KFFKRLLKSVRRAVKKFRKKPRLIGLSTLL,0.11144099954454247,Vibrio alginolyticus
KFFKRLLKSVRRAVKKFRKKPRLIGLSTLL,0.7132694288931969,Vibrio anguillarum
GIGAVLKVLTTGLPALISWIKRKRQQ,1.0226655902359516,Pseudomonas putida
GIGAVLKVLTTGLPALISWIKRKRQQ,2.1998335915547105,Mycobacterium tuberculosis
GIGAVLKVLTTGLPALISWIKRKRQQ,0.7993405494535817,Streptococcus sanguinis
LQLLKQLLKLLKQF,0.6659996798063937,Streptococcus sanguinis
KGARQAWKDYKYNRNMQKMNQGYGQQGG,1.6989700043360187,Vibrio alginolyticus
KGARQAWKDYKYNRNMQKMNQGYGQQGG,1.6989700043360187,Shigella flexneri
LQLLKQLLKLLKQFSATFIKHFIHRF,0.6973540325432446,Streptococcus sanguinis
LQLLKQLLKLLKQFSGGFIKHFIHRF,0.7052789623862282,Streptococcus sanguinis
RNPRPVYIPQPRPPHPRL,0.7958800173440752,Pseudomonas putida
GIGDPVTCLKSGAICHPVFCPRRYKQIGTCGLPGTKCCKKP,0.4188052358202057,Mycobacterium tuberculosis
GIGDPVTCLKSGAICHPVFCPRRYKQIGTCGLPGTKCCKKP,0.3630901303459339,Streptococcus sanguinis
RPFTRAQWFAIQHISPRTIAMRAINNYRWR,0.49554433754644844,Shigella flexneri
KGRGKQGGKVRAKA,1.6476072920083864,Pseudomonas putida
KGRGKQGGKVRAKAK,-0.1955867923950679,Pseudomonas putida
KGRGKQGGKVRAKAKTR,-0.26153858799367447,Pseudomonas putida
KGRGKQGGKVRAKAKTRSS,-0.3010980877004675,Pseudomonas putida
KIAGKIAKIAGKIA,2.26781077493494,Staphylococcus xylosus
RPRPNYRPRPIYRP,-0.27314929693704787,Shigella flexneri
KIAGKIAKIAGKIAK,2.229285624929102,Staphylococcus xylosus
KIAGKIAKIAGKIAKIA,1.2761963493920596,Staphylococcus xylosus
RPVRPVYIPQPRPPHPRL,0.7958800173440752,Pseudomonas putida
KIAGKIAKIAGKIAKIAGK,1.4072265209679586,Staphylococcus xylosus
KIAGKIAKIAGKIAKIAGKIA,-0.013598890800699275,Staphylococcus xylosus
KIAGKIAKIAGKIAKIAGKIAK,-0.039768608627445357,Staphylococcus xylosus
KIAGKIAKIAGKIAKIAGKIAKIA,-0.07482079087956091,Staphylococcus xylosus
KIAGKIAKIAGKIAKIAGKIAKIAGK,-0.10742153487997946,Staphylococcus xylosus
KIAGKIAKIAGKIAKIAGKIAKIAGKIA,-0.13758874742466046,Staphylococcus xylosus
GIGKFLHSAGKFGKAFVGEIMKS,1.7252206975789757,Mycobacterium tuberculosis
RPWAGNGSVHRYTVLSPRLKTQ,-0.2924298239020636,Streptococcus uberis
RQIKIWFQNRRMKWKK,2.4771212547196626,Mycobacterium tuberculosis
KIAGLAANFLPQILCKIARKC,1.0415636049799357,Vibrio cholerae
GIGKFLHSAKKFGKAFVGEIMNS,1.3068189522937714,Pseudomonas putida
GIGKFLHSAKKFGKAFVGEIMNS,0.670806782042263,Shigella flexneri
GIGKFLHSAKKFGKAFVGEIMNS,2.2453732795553374,Mycobacterium tuberculosis
MTPLWRIMGTKPHGAYCQNNYECSTGICRRGHCSYSQPINS,1.3314019645584159,Vibrio alginolyticus
MTPLWRIMGTKPHGAYCQNNYECSTGICRRGHCSYSQPINS,0.42831197756647227,Vibrio anguillarum
KIAKIAGKIAKIAGKIA,1.5772263450560409,Staphylococcus xylosus
KIAKIAGKIAKIAGKIAKIAGKIA,-0.07482079087956091,Staphylococcus xylosus
KIAKRIWKILRR,1.2959160915322692,Vibrio cholerae
KIAKRIWKILRRR,1.25500190097163,Vibrio cholerae
GIGKFLHSAKKWGKAFVGEIMNS,1.708240462378185,Vibrio alginolyticus
GIGKFLHSAKKWGKAFVGEIMNS,1.708240462378185,Staphylococcus xylosus
GIGKFLHSAKKWGKAFVGEIMNS,0.5041204797222603,Vibrio anguillarum
RQKDKRPYSERKNQYTGPQFLYPPERIPP,0.5240852369153359,Pseudomonas putida
KIAKRIWKILRRRL,0.625396961657204,Vibrio cholerae
KIAKRIWKILRRRLF,0.29168462093500985,Vibrio cholerae
RQRVEELSKFSKKGAAARRRK,0.5048213938462709,Pseudomonas putida
RQRVEELSKFSKKGAAARRRK,1.4079113808382144,Vibrio anguillarum
KIAKRIWKILRRRLFR,0.2589894723488773,Vibrio cholerae
KIAKRIWKILRRRLFRR,0.5290586070773146,Vibrio cholerae
KIAKRIWKILRRRLFRRV,0.5108093663466615,Vibrio cholerae
KIAKRIWKILRRRLFRRVKKVAG,0.4313578775901936,Vibrio cholerae
QSHISLCRWCCNCCKANKGCGFCCKF,0.7781512503836436,Vibrio anguillarum
KIFGAIWPLALGALKNLIK,0.8778738053382122,Streptococcus sanguinis
QSHLSMCRWCCNCCRGNKGCGPCCKF,1.5337985318028096,Vibrio alginolyticus
QSHLSMCRWCCNCCRGNKGCGPCCKF,1.5337985318028096,Vibrio anguillarum
GIGSMLLGLAKNVGMSLLNKAQCKISGKC,1.7083951049377295,Vibrio cholerae
RRGFWKRLRRRLRRFGDRIRNRFRNFREKLPDPFPG,-1.154901959985743,Streptococcus uberis
RRGKPSGGSRGSKMGSKDSKGGWRGRPGSGSRPGFG,1.1760912590556813,Vibrio anguillarum
RRGLFKKLRRKIKKGFKKIFKRLPPVGVGVSIPLAGRR,0.32850658113898246,Vibrio anguillarum
RRGLFKKLRRKIKKGFKKIFKRLPPVGVGVSIPLAGRR,0.32850658113898246,Vibrio cholerae
KIKIPWGKVKDFLVGGMKAV,-0.01288756425475365,Staphylococcus xylosus
